"","convicted","catholic","female","age","educ","foreignborn"
"1",0,1,0,22,16,0
"2",0,1,0,21,12,0
"3",1,0,0,42,12,0
"4",0,0,1,49,13,0
"5",0,0,1,70,16,0
"6",0,0,1,50,19,0
"7",0,0,1,35,15,0
"8",0,1,1,24,11,1
"9",1,0,1,28,17,0
"10",1,1,0,55,10,0
"11",0,0,1,36,16,0
"12",0,0,1,28,12,0
"13",0,0,1,59,12,0
"14",0,1,0,52,4,1
"15",0,0,1,35,13,0
"16",0,1,0,36,12,1
"17",0,0,1,47,13,0
"18",0,1,1,18,12,0
"19",0,1,1,76,0,1
"20",0,1,0,39,10,1
"21",0,0,0,54,14,0
"22",0,0,1,45,16,1
"23",0,0,0,71,12,0
"24",0,0,1,42,17,1
"25",0,0,0,22,15,0
"26",0,1,1,81,16,0
"27",0,0,1,44,13,0
"28",0,1,0,78,16,0
"29",0,1,1,63,14,0
"30",0,0,0,73,19,0
"31",0,0,0,40,16,1
"32",0,1,1,42,14,0
"33",0,0,0,62,18,0
"34",0,0,1,49,12,0
"35",0,0,1,27,17,0
"36",0,0,1,30,14,0
"37",0,0,1,29,18,1
"38",0,0,1,69,14,0
"39",0,0,1,51,18,0
"40",0,1,1,57,16,0
"41",0,0,0,44,16,0
"42",0,0,1,73,16,0
"43",0,0,1,73,16,0
"44",0,0,0,68,16,0
"45",0,0,1,84,16,0
"46",0,0,0,63,19,0
"47",0,1,0,57,16,0
"48",0,1,1,42,16,1
"49",0,0,1,45,20,1
"50",0,0,0,38,14,0
"51",0,0,0,46,20,0
"52",0,0,1,51,20,1
"53",0,0,1,41,14,1
"54",0,0,1,81,8,1
"55",0,0,1,41,9,1
"56",0,0,1,67,19,0
"57",0,1,1,45,17,0
"58",0,0,0,35,16,1
"59",0,0,1,21,14,0
"60",0,0,1,49,16,0
"61",1,0,0,46,16,0
"62",0,1,1,51,14,0
"63",0,0,0,28,16,1
"64",0,0,0,47,17,0
"65",0,0,0,48,14,1
"66",0,0,0,46,16,0
"67",0,1,0,68,12,0
"68",0,1,1,56,16,0
"69",0,1,1,43,14,0
"70",0,0,1,32,13,1
"71",0,1,1,23,12,0
"72",0,0,1,32,18,0
"73",0,0,0,44,16,0
"74",0,0,1,49,20,1
"75",0,0,1,64,12,1
"76",0,0,1,30,19,1
"77",0,1,1,51,12,1
"78",0,1,0,84,13,0
"79",0,0,0,32,14,0
"80",0,0,1,54,18,1
"81",0,0,1,34,20,1
"82",0,0,1,33,16,1
"83",0,1,1,48,12,0
"84",0,0,0,54,16,0
"85",0,0,1,19,13,1
"86",0,0,0,41,16,1
"87",0,1,1,23,17,0
"88",0,0,0,51,12,1
"89",0,0,1,75,16,0
"90",0,0,0,24,14,0
"91",0,1,0,26,20,0
"92",0,0,1,47,19,1
"93",1,0,1,55,13,0
"94",0,0,1,55,18,0
"95",0,1,0,43,17,0
"96",0,0,0,71,16,0
"97",0,1,1,32,16,1
"98",0,0,0,63,17,0
"99",0,0,1,50,12,0
"100",0,0,0,60,12,0
"101",0,1,1,33,14,0
"102",0,0,1,40,18,0
"103",0,1,0,68,12,1
"104",0,1,1,69,14,0
"105",0,0,0,71,18,0
"106",0,0,0,23,15,0
"107",0,0,0,28,16,0
"108",0,0,0,49,12,0
"109",0,1,1,66,16,0
"110",0,0,1,36,20,0
"111",0,1,0,53,19,0
"112",0,1,1,40,6,1
"113",0,0,1,34,12,0
"114",0,1,0,62,12,0
"115",0,1,1,32,12,0
"116",0,0,0,29,16,1
"117",0,0,0,34,12,0
"118",0,0,1,36,13,0
"119",0,0,1,49,16,1
"120",0,0,0,60,16,0
"121",1,0,0,78,16,0
"122",0,0,1,39,14,0
"123",0,0,0,73,16,0
"124",0,0,1,67,16,1
"125",0,0,0,22,6,0
"126",0,1,1,27,14,1
"127",1,1,0,41,14,0
"128",0,0,1,33,9,1
"129",0,1,0,22,11,0
"130",0,0,1,66,14,0
"131",0,0,1,35,13,1
"132",0,1,0,52,12,1
"133",0,0,0,63,14,1
"134",0,0,0,31,13,1
"135",0,0,1,29,17,1
"136",0,0,0,50,17,1
"137",0,1,0,47,12,0
"138",0,0,1,65,12,0
"139",0,0,0,62,13,0
"140",0,0,1,18,13,0
"141",0,1,1,28,16,0
"142",0,1,0,24,16,0
"143",0,0,0,40,16,1
"144",0,0,1,24,15,0
"145",0,0,1,21,14,0
"146",0,0,1,22,15,0
"147",0,1,0,24,16,0
"148",0,1,0,22,11,0
"149",0,0,0,21,15,0
"150",1,0,0,67,16,0
"151",0,0,1,32,19,0
"152",0,1,0,38,9,1
"153",0,1,1,55,12,0
"154",1,1,0,40,14,0
"155",1,0,0,38,11,0
"156",0,0,0,52,13,1
"157",0,0,1,34,16,0
"158",0,0,1,22,16,0
"159",0,0,0,56,17,0
"160",0,1,1,60,12,0
"161",0,1,0,39,16,1
"162",0,0,1,33,16,0
"163",0,0,0,67,12,0
"164",0,0,0,51,12,0
"165",1,0,0,65,12,0
"166",1,0,1,42,16,0
"167",0,1,1,65,12,0
"168",1,0,1,25,13,0
"169",1,0,1,36,12,0
"170",1,0,1,38,14,0
"171",0,0,0,18,12,0
"172",0,1,0,38,9,1
"173",0,1,1,41,9,1
"174",0,0,0,20,14,0
"175",1,0,0,39,16,0
"176",0,1,1,25,17,1
"177",0,1,0,57,14,1
"178",0,0,1,61,13,1
"179",0,1,0,31,16,1
"180",0,0,1,62,19,0
"181",0,0,0,30,12,1
"182",0,0,1,68,14,0
"183",0,1,0,50,16,1
"184",1,0,0,27,12,0
"185",1,0,0,30,16,0
"186",0,1,1,65,14,1
"187",0,1,1,65,18,0
"188",0,0,0,36,19,0
"189",0,0,0,72,12,0
"190",0,1,1,27,12,0
"191",0,0,1,54,11,0
"192",1,0,0,18,11,0
"193",0,0,1,38,12,0
"194",0,0,1,67,12,0
"195",0,0,0,48,12,0
"196",0,0,0,64,19,0
"197",0,0,1,89,19,0
"198",0,1,1,48,12,1
"199",0,1,0,42,15,0
"200",0,0,1,26,16,0
"201",0,0,1,68,12,0
"202",0,0,1,61,14,0
"203",0,1,1,35,6,1
"204",0,0,0,53,17,0
"205",1,1,0,32,12,0
"206",0,1,0,61,14,1
"207",0,1,0,28,10,0
"208",0,1,0,39,12,1
"209",0,1,0,61,16,0
"210",0,1,0,65,18,0
"211",0,0,0,34,18,0
"212",0,1,0,87,12,0
"213",0,0,0,24,16,0
"214",0,0,1,39,12,0
"215",0,0,0,32,14,0
"216",0,0,1,54,16,1
"217",0,0,1,55,14,0
"218",1,0,1,53,16,0
"219",0,0,0,62,14,0
"220",0,1,0,39,6,1
"221",0,1,1,30,12,0
"222",0,0,1,89,8,0
"223",0,1,1,35,12,0
"224",0,1,1,73,16,0
"225",0,0,1,69,16,0
"226",0,0,1,89,12,1
"227",0,0,0,55,16,0
"228",0,1,1,78,12,0
"229",0,0,0,43,17,0
"230",0,0,1,68,16,0
"231",0,0,0,71,16,0
"232",0,0,1,47,16,0
"233",0,1,0,55,16,0
"234",0,0,1,49,12,0
"235",0,0,1,68,14,0
"236",0,0,0,47,11,0
"237",0,0,0,59,14,0
"238",1,0,1,74,16,0
"239",0,0,0,71,14,0
"240",0,1,1,32,12,0
"241",0,0,0,30,16,0
"242",0,0,1,38,16,0
"243",0,0,1,41,16,1
"244",0,0,1,62,20,0
"245",0,0,1,52,16,0
"246",0,1,1,61,13,0
"247",0,0,0,52,16,0
"248",0,1,0,33,14,0
"249",0,0,1,65,16,0
"250",0,0,0,55,12,0
"251",0,0,1,45,14,1
"252",0,1,0,35,9,1
"253",0,0,1,36,14,0
"254",0,0,1,43,16,1
"255",0,0,0,64,14,0
"256",0,0,0,38,18,0
"257",0,0,0,25,14,0
"258",0,0,0,81,18,0
"259",1,0,1,23,12,0
"260",0,1,1,21,12,0
"261",0,1,1,56,12,0
"262",0,0,1,30,11,0
"263",0,0,0,69,12,0
"264",0,1,1,62,12,0
"265",0,1,0,39,16,0
"266",0,0,0,25,18,0
"267",0,0,0,46,18,0
"268",0,0,0,57,6,1
"269",0,0,0,20,13,0
"270",0,0,1,53,16,0
"271",0,0,0,53,16,0
"272",0,0,1,42,8,1
"273",0,0,0,63,18,0
"274",0,0,0,55,20,0
"275",0,0,0,54,17,0
"276",0,0,0,77,20,0
"277",0,0,1,48,16,0
"278",0,0,1,52,4,1
"279",1,0,0,31,13,0
"280",0,0,1,57,12,0
"281",1,0,0,21,12,0
"282",0,0,1,50,15,0
"283",0,0,1,38,16,0
"284",0,0,0,26,14,0
"285",0,0,1,33,14,0
"286",0,0,1,44,17,0
"287",0,0,0,25,16,0
"288",0,0,1,27,16,0
"289",0,1,0,27,16,0
"290",0,0,1,28,16,0
"291",0,1,0,22,16,0
"292",0,1,1,48,17,0
"293",1,1,0,89,8,0
"294",0,1,1,49,17,0
"295",0,1,1,87,12,0
"296",0,0,0,64,17,0
"297",0,1,0,57,9,0
"298",0,1,1,46,16,0
"299",0,0,1,58,16,0
"300",0,0,1,78,16,0
"301",0,1,1,45,19,0
"302",0,1,1,38,14,0
"303",0,0,1,69,20,0
"304",0,1,0,61,16,0
"305",0,0,1,48,16,1
"306",0,1,0,37,16,0
"307",1,0,0,47,12,1
"308",0,0,0,26,18,1
"309",0,1,1,41,13,1
"310",0,0,1,55,18,0
"311",0,0,0,32,17,0
"312",0,0,0,27,14,0
"313",0,0,1,32,13,0
"314",0,0,1,39,18,0
"315",0,1,1,55,16,0
"316",0,0,0,35,16,0
"317",0,0,0,64,17,0
"318",0,0,1,85,15,0
"319",0,1,0,52,12,0
"320",0,1,1,46,12,0
"321",0,0,1,34,5,1
"322",0,1,0,72,12,0
"323",0,0,1,34,16,0
"324",0,1,0,35,10,0
"325",0,0,1,61,12,0
"326",0,1,0,56,12,0
"327",0,0,1,65,16,0
"328",0,0,0,85,9,0
"329",0,1,1,27,14,0
"330",0,1,1,63,14,0
"331",0,0,1,61,15,1
"332",0,0,1,27,20,1
"333",0,0,0,48,16,0
"334",0,0,0,25,16,0
"335",0,0,0,34,13,1
"336",0,0,1,37,16,1
"337",0,0,1,64,14,0
"338",0,0,0,82,18,1
"339",0,0,1,43,16,0
"340",0,1,1,25,18,0
"341",0,0,1,78,17,1
"342",0,0,1,19,12,0
"343",1,0,0,64,11,0
"344",0,0,0,23,13,0
"345",0,0,1,31,16,0
"346",0,0,0,41,15,0
"347",1,0,1,29,12,0
"348",0,0,1,51,19,1
"349",0,0,0,55,18,0
"350",0,0,1,36,15,0
"351",0,1,1,87,13,0
"352",0,0,0,28,17,1
"353",0,0,0,35,17,0
"354",0,0,0,37,18,1
"355",0,1,0,84,12,0
"356",1,0,0,21,13,0
"357",0,1,0,49,17,1
"358",0,0,1,42,12,1
"359",0,0,1,69,14,0
"360",0,1,1,32,16,0
"361",0,0,1,69,20,0
"362",0,0,1,48,16,0
"363",0,1,0,20,10,0
"364",0,0,1,51,19,0
"365",0,1,0,60,20,0
"366",0,0,1,59,16,0
"367",0,1,1,89,16,0
"368",0,1,1,18,12,0
"369",0,0,1,62,20,0
"370",0,0,1,54,13,0
"371",0,0,1,19,12,0
"372",0,0,1,38,10,0
"373",1,0,0,31,14,0
"374",0,0,1,51,18,0
"375",1,0,0,23,11,0
"376",0,0,1,48,16,0
"377",0,0,0,20,12,0
"378",0,0,1,70,15,1
"379",0,0,1,58,16,0
"380",0,0,0,63,16,0
"381",0,0,1,44,12,0
"382",0,0,1,87,14,0
"383",0,0,1,50,16,0
"384",0,0,0,32,14,0
"385",0,0,0,43,20,1
"386",0,1,1,51,16,0
"387",0,0,0,58,20,1
"388",0,0,1,72,14,0
"389",0,0,1,64,14,1
"390",1,0,1,35,12,0
"391",1,0,0,34,15,0
"392",0,0,0,71,11,0
"393",0,1,0,41,17,1
"394",1,0,0,34,13,0
"395",0,0,0,50,13,0
"396",0,0,1,23,12,0
"397",1,0,0,53,12,0
"398",0,0,0,41,20,0
"399",0,0,0,46,14,0
"400",1,0,0,54,16,0
"401",0,0,0,67,19,0
"402",1,0,1,53,16,0
"403",0,0,1,59,12,0
"404",0,0,1,65,12,0
"405",0,1,0,51,14,0
"406",0,1,0,39,14,1
"407",0,1,1,49,12,0
"408",0,0,1,30,16,0
"409",0,0,1,57,19,0
"410",0,0,0,36,18,0
"411",0,1,1,39,18,0
"412",0,0,1,38,18,1
"413",0,0,0,46,16,0
"414",0,0,0,41,18,0
"415",0,0,0,29,18,1
"416",0,0,0,58,12,0
"417",0,0,1,48,17,1
"418",0,0,1,54,14,0
"419",0,0,1,37,9,0
"420",0,0,1,48,18,0
"421",1,0,0,58,12,0
"422",0,0,1,44,14,0
"423",0,0,1,27,16,0
"424",0,1,0,19,11,0
"425",0,0,0,55,13,0
"426",0,0,1,52,12,0
"427",1,0,0,63,13,0
"428",0,0,1,39,14,0
"429",0,0,1,59,12,0
"430",0,0,1,64,15,0
"431",0,1,1,47,18,0
"432",1,1,0,45,12,0
"433",0,0,0,37,12,0
"434",0,0,0,20,11,0
"435",0,0,0,31,20,0
"436",0,0,1,22,13,0
"437",1,1,1,61,16,0
"438",0,0,1,56,15,0
"439",1,0,0,34,8,0
"440",0,1,0,53,12,1
"441",0,1,0,22,12,1
"442",0,1,1,39,12,1
"443",0,1,0,25,6,1
"444",0,1,0,75,17,0
"445",1,0,0,44,18,0
"446",0,0,0,26,14,0
"447",0,1,1,40,13,1
"448",0,1,1,33,10,0
"449",0,1,0,49,12,1
"450",0,0,1,49,12,1
"451",0,0,0,48,20,0
"452",0,0,0,40,17,0
"453",0,0,0,80,14,0
"454",0,0,1,21,12,0
"455",0,0,0,74,12,0
"456",0,0,0,75,16,0
"457",0,0,1,40,14,0
"458",0,0,1,50,16,0
"459",0,0,1,48,8,0
"460",0,1,0,32,9,1
"461",0,0,0,41,8,1
"462",0,0,1,57,12,0
"463",0,0,1,30,12,0
"464",0,0,1,41,12,0
"465",1,0,0,50,9,0
"466",1,0,0,30,15,0
"467",0,0,1,65,7,0
"468",0,0,0,20,14,0
"469",0,0,1,47,18,0
"470",0,0,0,31,16,0
"471",1,0,0,35,12,0
"472",0,1,0,58,12,0
"473",0,0,1,66,14,0
"474",0,0,1,37,12,0
"475",0,0,1,40,15,0
"476",0,0,0,56,13,0
"477",0,0,1,49,12,0
"478",0,0,1,30,14,1
"479",1,0,1,45,18,0
"480",0,0,0,77,13,0
"481",0,0,1,30,11,0
"482",0,0,1,31,13,0
"483",1,0,0,62,12,0
"484",0,0,1,60,12,0
"485",0,0,0,32,11,0
"486",0,0,1,24,10,0
"487",0,0,0,71,14,1
"488",0,0,0,31,15,1
"489",1,0,1,42,14,0
"490",0,0,1,80,10,0
"491",1,0,0,29,10,0
"492",0,0,1,86,10,0
"493",0,0,0,53,12,0
"494",0,1,1,48,12,1
"495",0,0,1,50,6,1
"496",0,0,0,40,14,0
"497",0,0,0,30,12,0
"498",0,1,0,68,6,1
"499",0,0,1,37,17,1
"500",0,0,1,41,11,1
"501",0,1,1,64,15,1
"502",0,1,0,72,13,1
"503",0,0,1,40,19,0
"504",0,0,1,43,16,0
"505",0,0,0,84,17,1
"506",1,1,0,34,16,0
"507",0,0,1,79,14,1
"508",1,0,0,60,10,0
"509",0,0,0,59,12,0
"510",1,0,0,59,12,0
"511",0,0,1,63,13,0
"512",0,0,0,49,12,1
"513",0,0,0,66,17,0
"514",0,0,0,42,19,1
"515",0,1,0,52,20,0
"516",0,0,0,42,20,1
"517",0,0,0,45,17,0
"518",0,0,1,37,18,0
"519",1,0,0,49,12,0
"520",1,0,0,31,11,0
"521",0,0,0,81,13,0
"522",0,0,0,30,20,1
"523",0,0,0,29,13,0
"524",0,0,0,58,14,0
"525",0,1,0,49,16,0
"526",0,0,1,42,14,0
"527",1,0,0,56,16,0
"528",0,1,1,40,18,0
"529",0,0,1,35,18,0
"530",0,1,1,36,18,0
"531",0,0,1,56,16,0
"532",0,1,0,37,20,0
"533",0,0,1,35,13,1
"534",0,1,0,24,15,1
"535",0,1,0,70,12,0
"536",1,0,0,28,11,0
"537",0,0,1,51,12,0
"538",0,0,1,30,14,0
"539",0,1,1,80,12,0
"540",0,1,1,46,16,0
"541",0,0,1,64,13,0
"542",0,0,1,50,20,0
"543",1,1,0,63,14,0
"544",0,1,0,66,14,1
"545",0,0,1,35,16,0
"546",0,1,0,72,12,1
"547",0,0,0,88,14,0
"548",0,0,0,19,9,0
"549",1,0,1,32,14,0
"550",0,0,1,33,12,0
"551",1,1,1,48,14,0
"552",1,0,1,67,14,0
"553",0,0,0,50,18,1
"554",0,0,0,28,16,0
"555",0,0,1,28,15,1
"556",1,0,0,49,15,0
"557",0,1,1,20,12,0
"558",0,0,0,51,14,0
"559",0,1,1,75,10,0
"560",0,1,1,65,13,0
"561",1,0,1,40,11,0
"562",1,0,1,32,14,0
"563",0,0,1,53,14,0
"564",0,0,0,51,13,0
"565",0,0,1,48,12,0
"566",0,0,0,42,12,0
"567",0,0,1,39,15,0
"568",1,0,1,27,11,1
"569",0,1,1,45,12,0
"570",1,0,0,42,15,0
"571",0,0,0,48,12,0
"572",0,0,1,69,15,0
"573",1,1,0,18,12,0
"574",0,0,0,37,12,0
"575",1,0,1,33,16,0
"576",0,1,1,49,12,0
"577",0,0,1,39,16,0
"578",0,0,1,44,8,1
"579",0,0,0,53,6,1
"580",0,0,0,25,12,0
"581",0,0,1,45,16,0
"582",0,1,0,24,12,0
"583",1,0,1,59,13,0
"584",1,0,1,27,14,0
"585",0,1,0,54,20,0
"586",0,0,1,26,12,0
"587",0,1,1,63,12,0
"588",1,0,1,27,13,0
"589",1,0,0,52,13,0
"590",0,0,1,50,12,1
"591",0,0,1,36,12,0
"592",0,1,0,38,12,0
"593",0,1,1,73,12,0
"594",1,0,0,51,17,0
"595",0,1,1,41,14,0
"596",0,0,0,36,16,1
"597",0,0,1,54,16,0
"598",0,0,1,39,18,0
"599",0,1,1,61,14,0
"600",0,0,0,21,12,0
"601",0,0,1,23,16,0
"602",0,1,1,63,12,0
"603",0,0,1,45,18,0
"604",0,1,0,36,9,1
"605",0,0,0,64,14,0
"606",0,1,1,69,12,0
"607",0,1,1,43,15,1
"608",0,1,1,57,16,1
"609",0,1,0,34,12,0
"610",1,0,0,30,12,1
"611",0,1,0,28,16,0
"612",0,1,0,23,14,1
"613",0,0,0,29,12,0
"614",0,0,1,54,19,0
"615",0,0,0,57,15,0
"616",0,0,1,67,13,0
"617",0,0,1,27,13,0
"618",0,0,1,43,17,0
"619",0,0,1,35,14,0
"620",0,0,1,30,16,0
"621",0,0,0,55,14,0
"622",0,0,1,53,14,0
"623",0,0,0,18,11,0
"624",0,0,0,40,20,0
"625",1,0,0,25,14,0
"626",0,0,1,54,20,0
"627",0,1,0,52,16,0
"628",0,0,1,25,12,0
"629",1,0,0,28,13,0
"630",0,0,0,89,16,0
"631",0,0,0,77,11,0
"632",0,0,1,24,13,0
"633",0,0,1,72,12,0
"634",0,0,0,84,14,0
"635",0,0,1,73,12,0
"636",0,1,0,57,13,0
"637",0,0,1,47,20,0
"638",1,1,1,49,15,0
"639",0,0,1,53,11,0
"640",0,1,0,65,14,0
"641",0,0,1,55,13,0
"642",0,0,0,57,16,0
"643",0,0,0,38,15,0
"644",0,1,1,49,12,0
"645",0,0,0,54,13,0
"646",0,0,0,21,12,0
"647",1,0,0,20,13,0
"648",0,0,1,76,12,0
"649",0,0,0,66,8,0
"650",0,0,1,43,12,0
"651",0,0,1,55,14,0
"652",0,0,1,28,20,1
"653",0,0,1,45,16,0
"654",0,0,0,81,8,0
"655",0,1,1,76,12,0
"656",0,0,1,45,13,0
"657",0,1,0,62,12,0
"658",0,1,0,62,12,0
"659",0,1,1,29,16,0
"660",0,0,0,31,18,1
"661",0,0,0,32,14,0
"662",0,0,0,41,14,0
"663",0,1,1,30,16,0
"664",0,0,1,64,16,0
"665",0,1,0,22,13,0
"666",0,1,1,22,11,0
"667",1,0,1,54,16,0
"668",0,0,1,76,12,1
"669",0,0,0,66,14,0
"670",0,0,0,64,16,0
"671",0,0,1,56,16,0
"672",0,0,1,19,11,0
"673",0,0,1,45,14,0
"674",0,0,1,47,17,0
"675",0,0,0,20,14,0
"676",0,0,0,44,13,0
"677",0,0,0,24,15,1
"678",0,0,1,49,16,1
"679",0,0,1,67,12,0
"680",0,0,0,48,12,0
"681",0,0,1,47,12,0
"682",0,0,1,75,15,0
"683",0,0,1,76,13,0
"684",0,0,1,51,11,0
"685",1,0,0,37,12,0
"686",0,0,1,43,12,0
"687",0,0,1,22,13,0
"688",1,0,0,41,13,0
"689",1,1,0,24,14,0
"690",0,1,1,43,8,1
"691",0,0,1,66,14,1
"692",0,0,1,47,13,0
"693",0,1,0,50,15,1
"694",0,0,0,57,14,1
"695",0,0,0,56,13,0
"696",0,0,1,22,12,0
"697",0,0,0,61,16,0
"698",0,0,1,26,15,0
"699",0,0,1,42,16,0
"700",0,1,0,87,15,0
"701",0,1,0,32,16,0
"702",0,0,0,42,16,0
"703",0,0,1,55,13,0
"704",0,0,1,38,16,0
"705",0,1,0,62,15,0
"706",0,0,0,51,16,0
"707",0,0,1,27,14,0
"708",1,0,0,36,11,0
"709",1,0,1,34,14,0
"710",1,0,0,29,14,0
"711",0,0,0,51,14,0
"712",0,1,0,25,13,1
"713",0,1,1,81,16,1
"714",0,0,1,45,13,0
"715",0,0,0,61,13,0
"716",0,0,0,79,15,0
"717",0,0,0,63,12,0
"718",0,0,0,60,20,1
"719",0,0,1,54,12,0
"720",0,1,0,21,14,0
"721",1,0,0,67,11,0
"722",1,0,0,61,12,0
"723",0,0,0,51,12,0
"724",0,0,1,72,9,0
"725",0,1,0,63,9,0
"726",0,0,0,78,18,0
"727",0,0,1,45,16,0
"728",0,1,0,48,12,0
"729",0,0,0,79,16,0
"730",0,0,0,30,12,0
"731",1,0,1,32,12,0
"732",1,1,1,30,11,0
"733",0,0,0,44,16,0
"734",0,1,1,42,14,0
"735",0,0,1,64,14,0
"736",0,0,0,42,16,0
"737",0,0,1,42,16,0
"738",0,0,0,46,16,0
"739",0,1,0,26,13,0
"740",0,0,1,63,12,0
"741",0,0,1,45,16,0
"742",0,0,1,33,15,0
"743",0,0,1,27,15,0
"744",0,0,0,50,16,0
"745",0,0,0,68,16,0
"746",0,0,1,55,12,0
"747",0,0,1,58,9,0
"748",0,1,1,19,13,0
"749",0,1,1,38,12,0
"750",0,0,1,27,16,0
"751",0,0,1,71,12,0
"752",0,0,0,38,12,0
"753",0,0,1,48,12,0
"754",0,0,1,56,10,0
"755",0,0,1,23,15,0
"756",1,0,0,51,10,0
"757",0,1,1,47,12,0
"758",0,0,1,49,12,0
"759",0,0,1,22,15,0
"760",1,0,0,36,17,0
"761",1,1,0,38,12,0
"762",1,0,0,22,12,0
"763",1,0,0,46,14,0
"764",0,0,0,63,10,0
"765",0,0,0,19,11,0
"766",0,0,0,52,12,0
"767",0,0,1,64,12,0
"768",0,0,1,49,12,0
"769",0,0,0,45,11,0
"770",0,0,1,45,12,0
"771",0,0,1,55,18,0
"772",0,0,0,62,11,0
"773",0,0,0,31,16,0
"774",0,0,0,54,12,0
"775",0,0,1,21,13,0
"776",1,0,0,23,12,0
"777",0,0,1,34,16,0
"778",1,0,0,45,14,0
"779",1,0,0,28,13,0
"780",0,0,0,34,14,0
"781",0,1,0,25,13,0
"782",0,0,1,39,6,1
"783",0,1,0,38,10,0
"784",0,0,0,80,3,0
"785",0,1,1,34,12,0
"786",0,1,0,71,12,0
"787",0,0,0,33,10,0
"788",1,0,1,32,9,0
"789",0,0,0,37,16,0
"790",0,1,0,41,12,0
"791",1,0,0,32,14,0
"792",1,0,0,35,13,0
"793",0,0,0,61,12,0
"794",0,0,0,57,16,0
"795",0,0,0,71,15,0
"796",0,1,1,39,18,0
"797",0,0,1,30,13,0
"798",0,1,1,42,16,1
"799",0,1,1,48,14,0
"800",0,1,0,32,19,0
"801",0,0,1,42,18,1
"802",0,0,0,37,13,0
"803",0,0,1,29,11,0
"804",0,0,1,74,12,0
"805",1,0,0,47,12,0
"806",1,0,0,41,16,0
"807",0,0,0,71,15,0
"808",0,0,1,31,12,0
"809",0,0,1,33,14,0
"810",0,0,0,32,20,0
"811",0,0,0,48,13,0
"812",0,0,1,50,18,0
"813",1,0,1,27,13,0
"814",0,1,1,35,14,0
"815",1,0,0,40,9,0
"816",1,0,1,33,15,0
"817",0,0,1,49,16,1
"818",0,0,0,30,12,0
"819",0,0,1,22,16,0
"820",1,1,1,21,14,0
"821",0,1,1,21,14,0
"822",0,1,0,23,16,0
"823",0,0,0,67,12,0
"824",0,0,1,34,13,0
"825",0,0,0,18,12,0
"826",0,0,0,28,12,0
"827",0,0,1,84,13,0
"828",0,0,0,31,9,0
"829",0,0,0,25,13,0
"830",0,0,0,38,12,0
"831",0,0,1,37,12,0
"832",1,1,0,66,15,0
"833",0,1,1,24,14,0
"834",0,1,1,49,14,0
"835",0,0,1,48,11,0
"836",0,0,0,39,12,0
"837",0,0,1,59,12,0
"838",0,1,0,63,14,0
"839",1,0,0,61,13,0
"840",0,0,1,48,12,0
"841",0,0,1,39,12,1
"842",0,0,0,32,16,0
"843",0,0,1,32,12,0
"844",0,0,0,27,14,0
"845",0,1,0,44,16,0
"846",0,0,0,37,14,0
"847",0,0,1,70,12,0
"848",0,0,1,31,12,0
"849",0,0,0,57,12,0
"850",0,0,1,63,12,0
"851",0,0,1,47,20,0
"852",0,0,1,41,18,0
"853",0,1,1,41,18,0
"854",0,0,1,42,12,0
"855",0,0,1,31,12,0
"856",0,0,0,65,12,0
"857",0,1,1,65,14,0
"858",1,0,0,38,18,0
"859",0,0,1,65,14,0
"860",0,0,1,19,12,0
"861",0,1,0,58,16,0
"862",0,1,1,31,16,0
"863",0,1,1,36,12,0
"864",0,0,1,29,16,0
"865",0,1,1,37,17,1
"866",0,0,1,42,17,0
"867",0,0,1,26,15,0
"868",0,0,0,24,12,0
"869",0,0,0,75,12,0
"870",0,0,0,40,20,0
"871",1,0,0,30,11,0
"872",0,0,0,65,16,0
"873",0,0,1,56,18,0
"874",0,0,0,40,16,0
"875",0,0,1,38,15,0
"876",0,0,1,69,16,0
"877",0,0,0,64,16,0
"878",1,0,0,29,14,0
"879",0,0,1,49,12,0
"880",0,0,0,32,12,0
"881",0,0,1,55,13,0
"882",0,0,0,55,14,0
"883",0,0,0,83,12,0
"884",0,0,0,35,18,1
"885",1,0,0,42,11,0
"886",0,0,1,39,14,0
"887",0,0,1,23,15,0
"888",0,0,1,58,12,0
"889",1,0,1,50,12,0
"890",0,0,1,45,17,0
"891",0,0,1,77,9,0
"892",0,0,1,34,20,0
"893",0,0,1,32,14,0
"894",0,0,1,61,12,0
"895",0,0,1,69,18,0
"896",0,1,0,56,14,0
"897",0,0,0,43,12,0
"898",0,0,0,20,12,0
"899",0,0,0,30,8,0
"900",0,1,0,24,16,0
"901",0,1,1,57,16,1
"902",0,0,1,22,15,0
"903",1,0,0,23,13,0
"904",0,1,1,71,12,0
"905",0,1,1,43,13,0
"906",0,1,1,55,12,0
"907",0,0,0,29,16,0
"908",0,1,1,21,13,0
"909",0,0,1,34,18,0
"910",0,0,1,34,18,0
"911",0,1,1,77,7,0
"912",0,0,1,28,16,0
"913",0,0,0,61,14,0
"914",0,0,0,62,17,0
"915",0,0,1,40,8,0
"916",0,0,0,27,12,0
"917",0,1,0,22,16,0
"918",1,1,1,61,16,0
"919",0,0,1,31,16,1
"920",0,0,1,38,18,0
"921",0,1,1,26,16,0
"922",0,0,1,25,12,0
"923",0,0,1,78,11,0
"924",0,0,1,39,20,0
"925",0,0,0,40,17,0
"926",0,1,0,52,13,0
"927",0,0,0,70,20,0
"928",0,0,0,58,16,0
"929",0,0,0,34,15,0
"930",0,0,0,84,10,0
"931",0,0,0,33,14,0
"932",0,0,1,26,14,0
"933",1,0,1,47,10,0
"934",0,0,0,46,12,0
"935",0,0,1,46,10,0
"936",0,1,0,23,15,0
"937",0,0,0,24,16,0
"938",0,0,1,63,12,0
"939",0,0,1,67,17,0
"940",0,0,1,28,19,0
"941",0,0,1,30,16,0
"942",0,0,0,19,11,0
"943",1,1,1,42,12,0
"944",0,1,0,57,14,0
"945",0,0,0,64,18,0
"946",0,0,0,63,14,0
"947",0,0,1,22,14,0
"948",0,1,0,28,12,0
"949",0,0,0,28,8,1
"950",0,0,1,37,16,0
"951",0,1,1,37,14,0
"952",0,0,1,28,11,0
"953",0,0,1,60,12,0
"954",0,0,0,31,12,0
"955",0,0,1,57,12,0
"956",0,0,0,30,20,0
"957",0,0,1,51,16,0
"958",0,1,1,31,18,0
"959",0,0,1,56,12,0
"960",0,0,0,49,14,0
"961",0,0,1,19,12,0
"962",0,0,0,48,12,0
"963",0,0,1,33,17,0
"964",0,0,1,31,12,0
"965",1,0,0,35,12,0
"966",0,0,1,42,9,0
"967",0,1,1,30,14,0
"968",0,0,1,52,15,0
"969",0,0,1,54,12,0
"970",0,0,1,30,16,0
"971",0,1,1,40,17,0
"972",0,0,0,67,18,0
"973",0,0,1,66,12,0
"974",0,0,1,57,12,0
"975",0,0,0,42,11,0
"976",1,0,0,32,16,0
"977",0,0,1,20,12,0
"978",0,0,0,61,15,0
"979",0,1,0,23,10,0
"980",1,0,0,33,9,0
"981",0,1,1,59,12,0
"982",0,0,0,62,17,0
"983",0,0,1,65,12,0
"984",0,0,0,30,16,0
"985",0,0,1,32,14,0
"986",0,0,1,40,12,0
"987",0,0,1,25,16,1
"988",0,0,0,53,20,0
"989",0,0,1,26,16,0
"990",0,0,0,33,14,1
"991",0,0,1,40,12,0
"992",0,0,0,32,20,1
"993",1,0,0,52,10,0
"994",0,0,1,50,12,0
"995",0,0,1,73,14,0
"996",0,0,1,53,16,0
"997",0,0,1,72,14,0
"998",0,1,0,66,16,1
"999",0,0,1,63,14,0
"1000",0,0,1,26,16,0
"1001",0,1,0,43,6,1
"1002",0,0,0,56,13,0
"1003",0,0,1,69,14,0
"1004",0,0,1,27,14,0
"1005",0,0,1,43,16,0
"1006",0,0,1,82,10,0
"1007",0,0,1,53,12,0
"1008",0,0,1,39,15,0
"1009",0,1,1,51,18,0
"1010",0,0,1,43,16,0
"1011",0,0,1,38,13,0
"1012",0,0,1,41,11,0
"1013",0,0,1,68,16,0
"1014",0,1,1,23,13,0
"1015",0,0,0,77,12,0
"1016",0,0,1,30,17,1
"1017",0,0,0,27,11,1
"1018",1,0,0,49,8,0
"1019",0,0,0,36,14,0
"1020",0,0,0,67,8,0
"1021",0,0,1,43,11,0
"1022",0,0,1,58,12,0
"1023",0,0,1,35,14,0
"1024",0,0,1,27,14,0
"1025",0,0,1,32,12,0
"1026",0,0,1,40,12,0
"1027",0,0,1,54,12,0
"1028",0,0,1,73,14,0
"1029",0,0,1,23,12,0
"1030",0,0,0,21,12,0
"1031",0,0,0,20,15,0
"1032",1,0,1,47,13,0
"1033",0,0,0,62,16,0
"1034",0,0,0,31,15,0
"1035",1,0,1,52,16,0
"1036",0,1,1,83,16,0
"1037",0,0,0,56,12,0
"1038",0,0,0,30,12,0
"1039",0,1,1,61,12,0
"1040",0,1,1,75,18,0
"1041",0,0,0,73,14,0
"1042",0,0,0,68,14,0
"1043",0,0,0,69,16,0
"1044",0,0,1,52,15,0
"1045",0,0,1,57,11,0
"1046",0,0,1,63,16,0
"1047",1,0,0,29,12,0
"1048",1,0,1,19,10,0
"1049",1,0,0,30,10,0
"1050",1,0,1,38,12,0
"1051",0,0,0,28,12,0
"1052",0,0,0,56,16,0
"1053",0,1,0,24,16,1
"1054",0,0,1,58,14,0
"1055",0,0,0,28,16,0
"1056",0,0,1,55,12,0
"1057",0,0,1,41,14,0
"1058",0,0,0,29,14,0
"1059",0,0,1,65,12,0
"1060",0,1,1,64,13,0
"1061",0,0,1,41,14,0
"1062",0,0,0,39,8,0
"1063",0,0,0,29,13,0
"1064",1,0,1,47,14,0
"1065",0,0,1,44,12,0
"1066",0,0,1,24,12,0
"1067",0,0,1,33,13,0
"1068",0,0,1,60,15,0
"1069",0,1,0,60,14,0
"1070",0,0,0,53,16,0
"1071",0,0,0,19,8,0
"1072",0,0,1,46,12,0
"1073",0,0,1,37,14,0
"1074",1,0,1,35,16,0
"1075",0,0,1,60,14,0
"1076",1,0,1,46,12,0
"1077",0,0,0,26,8,0
"1078",0,0,0,31,16,0
"1079",0,0,1,67,14,0
"1080",0,0,1,67,17,0
"1081",0,1,0,88,15,0
"1082",0,0,1,40,18,0
"1083",0,0,1,70,16,0
"1084",0,0,1,44,9,0
"1085",0,0,0,65,12,0
"1086",0,0,0,63,17,0
"1087",0,0,1,23,12,0
"1088",0,0,1,71,12,0
"1089",0,0,1,52,14,1
"1090",0,1,1,77,12,1
"1091",0,0,1,63,15,0
"1092",0,0,0,42,12,0
"1093",0,1,1,52,16,1
"1094",0,0,1,70,16,0
"1095",0,0,0,84,16,0
"1096",0,0,0,30,12,0
"1097",1,0,0,59,11,0
"1098",0,0,1,61,12,0
"1099",1,0,0,37,12,0
"1100",0,0,1,41,12,0
"1101",0,0,1,55,12,0
"1102",0,0,1,31,14,0
"1103",0,0,0,21,10,0
"1104",1,0,1,28,12,0
"1105",0,0,0,35,16,0
"1106",0,0,0,52,16,0
"1107",0,0,0,63,20,1
"1108",0,0,1,46,12,0
"1109",1,0,0,64,14,0
"1110",0,0,1,29,13,0
"1111",0,0,1,41,19,0
"1112",0,0,1,60,16,0
"1113",1,0,0,38,8,0
"1114",0,0,1,81,10,0
"1115",1,0,0,52,12,0
"1116",0,0,1,62,12,0
"1117",0,0,0,46,15,0
"1118",1,0,0,27,12,0
"1119",1,0,0,43,16,0
"1120",0,0,1,48,12,0
"1121",0,0,1,37,12,0
"1122",0,1,0,55,20,1
"1123",1,0,0,19,11,0
"1124",0,0,1,59,12,0
"1125",0,0,1,37,18,0
"1126",0,0,1,37,17,0
"1127",0,0,1,47,20,0
"1128",0,0,1,77,11,0
"1129",1,0,0,21,11,0
"1130",0,0,1,59,18,0
"1131",1,0,1,28,12,0
"1132",0,0,0,57,12,0
"1133",0,0,0,37,17,1
"1134",0,0,0,37,12,0
"1135",0,0,0,63,12,0
"1136",1,0,0,22,9,0
"1137",0,0,0,45,15,0
"1138",0,1,1,82,18,0
"1139",0,0,1,59,16,1
"1140",0,0,0,41,13,0
"1141",0,0,1,47,13,0
"1142",1,0,0,52,13,0
"1143",0,0,1,24,13,0
"1144",0,0,1,72,13,0
"1145",0,0,1,52,14,0
"1146",0,0,0,54,19,0
"1147",0,0,1,61,17,0
"1148",0,0,1,37,16,0
"1149",0,0,1,65,16,0
"1150",0,0,1,33,16,0
"1151",1,0,1,64,12,0
"1152",0,0,0,52,16,0
"1153",0,0,1,71,12,0
"1154",0,0,1,19,11,0
"1155",0,0,0,60,16,0
"1156",0,1,0,60,12,0
"1157",0,0,1,25,12,0
"1158",0,1,0,51,12,0
"1159",0,0,1,66,12,0
"1160",0,1,0,68,12,0
"1161",0,0,1,37,19,0
"1162",0,0,1,87,16,0
"1163",0,0,0,26,16,0
"1164",0,1,1,76,18,1
"1165",0,1,1,47,16,0
"1166",0,0,0,52,16,0
"1167",0,0,0,68,16,1
"1168",0,0,1,53,12,0
"1169",0,0,1,60,5,0
"1170",0,0,0,30,12,0
"1171",0,0,1,34,12,0
"1172",0,1,1,65,12,0
"1173",0,1,0,57,14,0
"1174",0,0,1,65,12,0
"1175",0,0,0,73,12,0
"1176",0,0,1,50,12,0
"1177",0,1,0,44,16,0
"1178",0,0,0,74,20,0
"1179",0,0,0,19,12,0
"1180",0,1,0,69,15,0
"1181",0,0,0,62,14,0
"1182",0,0,1,28,15,0
"1183",0,0,0,44,18,0
"1184",0,0,1,66,16,0
"1185",1,0,1,29,14,0
"1186",0,0,0,75,9,0
"1187",0,0,1,47,14,0
"1188",0,0,1,86,12,0
"1189",0,0,0,55,12,0
"1190",0,0,1,76,13,0
"1191",0,1,1,84,16,0
"1192",0,1,1,80,14,0
"1193",0,0,0,63,13,0
"1194",0,0,1,42,18,0
"1195",1,0,1,59,19,0
"1196",0,0,1,55,16,0
"1197",0,0,1,44,20,0
"1198",0,1,1,50,16,0
"1199",0,1,0,47,20,0
"1200",0,1,0,51,17,0
"1201",0,0,1,50,9,0
"1202",0,1,0,70,15,0
"1203",0,1,0,30,17,0
"1204",0,1,1,25,14,0
"1205",0,0,0,25,16,0
"1206",0,0,1,54,12,0
"1207",0,0,1,68,15,0
"1208",0,0,0,47,12,0
"1209",0,0,1,88,17,0
"1210",1,0,0,77,20,0
"1211",0,1,1,28,16,0
"1212",0,0,0,58,10,0
"1213",0,0,1,60,6,1
"1214",0,1,0,62,12,0
"1215",0,1,1,38,15,0
"1216",0,0,1,25,12,0
"1217",0,0,1,34,15,0
"1218",0,1,0,89,10,0
"1219",1,0,0,36,10,0
"1220",0,1,1,53,14,0
"1221",0,0,0,46,12,0
"1222",0,0,1,69,8,0
"1223",0,1,1,63,12,0
"1224",0,1,1,59,13,0
"1225",0,0,1,19,12,0
"1226",0,1,1,26,12,0
"1227",0,0,1,42,14,0
"1228",1,0,1,52,14,0
"1229",1,0,0,31,14,0
"1230",0,0,1,46,20,0
"1231",0,0,0,18,11,1
"1232",0,0,1,26,13,0
"1233",0,0,1,40,15,0
"1234",0,0,0,33,12,0
"1235",0,0,0,57,14,0
"1236",0,0,1,20,14,0
"1237",0,0,1,42,20,0
"1238",0,1,0,41,16,0
"1239",1,1,0,21,13,0
"1240",0,1,1,21,14,0
"1241",0,0,1,45,19,0
"1242",0,0,0,21,13,0
"1243",0,0,1,68,20,0
"1244",0,0,1,46,18,0
"1245",0,0,0,53,10,0
"1246",1,0,0,28,12,0
"1247",0,0,0,34,15,0
"1248",0,0,1,68,12,0
"1249",0,1,0,43,11,0
"1250",1,0,1,42,8,0
"1251",0,0,0,59,13,0
"1252",0,0,1,57,14,0
"1253",0,0,1,24,10,0
"1254",0,0,1,40,12,0
"1255",0,0,1,41,16,0
"1256",0,0,0,59,14,0
"1257",1,0,0,64,15,0
"1258",0,0,1,55,20,0
"1259",1,0,0,55,12,0
"1260",0,0,0,35,12,0
"1261",1,0,0,33,15,0
"1262",0,0,0,83,13,0
"1263",0,1,1,48,18,0
"1264",0,0,0,60,12,0
"1265",0,0,1,38,12,0
"1266",1,0,0,24,12,0
"1267",0,0,0,77,12,0
"1268",0,0,1,46,14,0
"1269",0,0,1,89,8,0
"1270",0,0,1,34,12,0
"1271",0,1,0,45,15,0
"1272",1,0,0,45,16,0
"1273",1,0,0,42,14,0
"1274",0,0,0,43,12,0
"1275",1,1,0,47,14,0
"1276",0,0,1,59,12,0
"1277",0,0,1,33,9,0
"1278",0,1,1,22,12,0
"1279",1,0,0,30,12,0
"1280",0,1,0,32,12,1
"1281",0,0,0,89,8,0
"1282",1,0,0,25,12,0
"1283",1,0,0,62,12,0
"1284",0,0,0,35,12,0
"1285",0,0,0,62,12,0
"1286",0,0,1,51,12,0
"1287",0,1,1,28,17,0
"1288",0,1,1,60,16,0
"1289",0,0,0,44,16,0
"1290",0,1,1,21,15,0
"1291",0,0,0,28,16,0
"1292",1,0,0,47,12,0
"1293",0,1,0,51,17,0
"1294",0,0,1,53,12,0
"1295",0,0,1,41,12,0
"1296",0,0,0,39,16,0
"1297",0,0,0,42,13,0
"1298",0,0,0,49,13,0
"1299",0,0,1,50,12,0
"1300",0,0,0,54,12,0
"1301",0,1,1,43,12,0
"1302",0,1,1,22,15,0
"1303",0,1,1,37,12,1
"1304",0,0,1,37,16,0
"1305",1,0,0,41,12,0
"1306",0,0,0,30,19,0
"1307",0,1,1,55,14,1
"1308",0,0,1,46,15,0
"1309",0,0,1,27,12,0
"1310",0,0,1,70,11,0
"1311",0,0,0,27,16,0
"1312",1,0,0,33,17,0
"1313",0,1,0,37,19,0
"1314",1,0,1,23,16,0
"1315",0,0,0,64,16,0
"1316",0,0,0,29,18,0
"1317",0,1,1,43,16,0
"1318",0,0,1,45,16,0
"1319",0,0,1,64,16,0
"1320",0,1,0,76,15,0
"1321",0,0,0,47,16,0
"1322",0,0,1,21,14,0
"1323",0,1,0,36,12,0
"1324",0,0,1,39,16,0
"1325",0,1,0,30,17,0
"1326",0,0,1,53,12,0
"1327",1,1,0,58,7,0
"1328",0,1,0,47,12,0
"1329",0,0,0,34,17,0
"1330",0,0,1,58,10,0
"1331",1,0,0,64,10,0
"1332",0,0,0,30,11,0
"1333",0,0,1,52,12,0
"1334",0,0,0,72,12,0
"1335",0,0,0,51,14,0
"1336",0,0,0,39,20,0
"1337",0,0,1,49,12,0
"1338",0,0,1,22,15,0
"1339",1,0,0,51,9,0
"1340",0,1,0,33,12,0
"1341",0,0,1,69,19,0
"1342",0,0,1,48,20,1
"1343",0,0,1,28,14,0
"1344",1,0,1,66,18,0
"1345",0,0,1,55,12,0
"1346",1,0,1,45,14,0
"1347",1,0,0,51,16,0
"1348",0,1,1,55,12,0
"1349",0,0,0,39,11,0
"1350",0,1,1,53,14,0
"1351",0,0,0,67,12,0
"1352",0,1,1,37,11,0
"1353",0,0,1,20,13,0
"1354",0,1,0,23,17,0
"1355",0,0,1,64,14,0
"1356",0,1,1,56,12,0
"1357",0,0,0,59,8,0
"1358",1,0,0,26,8,0
"1359",0,0,1,81,12,0
"1360",0,0,0,67,12,0
"1361",0,0,1,53,15,0
"1362",0,0,1,39,13,0
"1363",0,1,0,38,12,0
"1364",0,0,1,89,13,0
"1365",0,0,1,53,10,0
"1366",0,0,1,60,1,0
"1367",0,0,1,22,14,0
"1368",0,0,1,59,15,0
"1369",0,0,1,33,12,0
"1370",0,0,0,33,15,0
"1371",0,0,1,34,11,0
"1372",0,1,1,55,8,1
"1373",0,1,1,29,13,0
"1374",0,0,0,51,17,1
"1375",0,1,1,26,13,0
"1376",0,1,1,20,13,0
"1377",0,0,0,24,14,0
"1378",0,0,1,22,12,0
"1379",0,0,0,26,13,0
"1380",0,1,0,45,12,0
"1381",0,0,0,44,15,0
"1382",0,0,0,55,16,0
"1383",0,0,1,65,16,0
"1384",0,1,1,58,18,0
"1385",0,1,1,20,14,0
"1386",0,0,0,37,14,0
"1387",1,0,1,32,14,0
"1388",0,0,0,58,18,0
"1389",0,0,1,43,12,0
"1390",0,0,0,57,18,0
"1391",0,0,1,74,16,0
"1392",0,0,0,67,18,0
"1393",0,1,0,27,19,0
"1394",0,0,1,55,14,0
"1395",0,1,0,45,12,0
"1396",0,0,1,42,14,0
"1397",0,0,1,21,14,0
"1398",0,0,0,28,14,0
"1399",0,0,0,47,19,0
"1400",0,0,1,25,14,0
"1401",0,1,0,71,18,0
"1402",0,0,1,46,14,0
"1403",0,1,1,26,13,1
"1404",0,0,0,71,18,0
"1405",0,0,1,65,13,1
"1406",0,0,0,35,14,0
"1407",0,0,0,62,12,0
"1408",0,0,1,88,13,0
"1409",0,0,0,37,17,0
"1410",0,1,1,46,17,0
"1411",0,0,1,55,20,0
"1412",0,0,1,48,20,0
"1413",0,0,1,36,14,0
"1414",1,0,0,25,12,0
"1415",0,0,0,37,18,1
"1416",0,0,1,59,8,0
"1417",0,0,1,61,20,0
"1418",0,0,0,61,14,1
"1419",0,0,1,25,15,0
"1420",0,0,0,63,18,0
"1421",1,0,1,54,12,0
"1422",0,0,0,39,9,1
"1423",0,0,1,69,12,1
"1424",0,0,1,28,12,1
"1425",0,0,1,29,12,0
"1426",0,0,1,31,11,0
"1427",0,1,1,34,19,1
"1428",0,1,1,37,6,1
"1429",0,1,1,30,16,0
"1430",0,0,1,75,12,0
"1431",0,1,0,55,5,1
"1432",0,0,0,48,19,0
"1433",0,1,0,82,14,0
"1434",0,0,0,53,11,0
"1435",0,0,1,32,6,1
"1436",0,0,1,32,13,1
"1437",0,0,1,31,12,0
"1438",0,0,1,25,13,0
"1439",0,0,0,54,7,0
"1440",0,1,1,30,15,0
"1441",0,0,0,76,12,0
"1442",0,0,0,48,16,0
"1443",0,1,0,26,15,1
"1444",1,0,0,26,12,0
"1445",0,0,1,18,11,0
"1446",0,0,1,36,18,0
"1447",0,0,0,33,11,0
"1448",1,0,1,65,14,0
"1449",0,1,1,48,3,1
"1450",0,1,0,80,12,0
"1451",0,0,1,70,12,0
"1452",0,0,0,47,16,0
"1453",0,0,0,68,14,0
"1454",0,0,1,67,16,0
"1455",0,0,1,62,14,0
"1456",1,0,1,58,12,0
"1457",0,0,1,19,13,0
"1458",0,0,0,35,17,0
"1459",0,0,0,86,12,0
"1460",0,0,1,63,14,0
"1461",0,0,0,22,14,0
"1462",0,0,1,23,15,0
"1463",0,0,1,19,13,0
"1464",0,1,1,51,18,0
"1465",0,0,0,27,15,0
"1466",0,0,0,68,12,0
"1467",0,0,1,23,14,0
"1468",0,1,0,38,13,0
"1469",0,0,1,65,20,0
"1470",0,0,0,80,9,0
"1471",0,0,1,34,12,0
"1472",0,1,1,57,12,1
"1473",0,0,0,61,16,0
"1474",0,1,0,53,10,0
"1475",0,0,0,79,12,0
"1476",0,0,1,46,8,0
"1477",0,0,1,45,15,0
"1478",1,0,1,50,8,0
"1479",0,0,1,38,13,0
"1480",1,0,1,51,14,0
"1481",0,0,1,62,17,0
"1482",1,0,0,47,12,0
"1483",0,0,1,29,11,0
"1484",0,0,1,37,14,0
"1485",0,0,0,39,14,0
"1486",0,0,1,46,20,0
"1487",0,0,0,55,14,0
"1488",1,0,0,27,12,0
"1489",0,0,1,45,10,0
"1490",0,0,1,71,12,0
"1491",0,0,1,18,11,0
"1492",0,0,1,67,13,0
"1493",0,0,0,49,14,0
"1494",1,0,0,74,12,0
"1495",0,1,1,35,7,1
"1496",0,1,0,36,12,0
"1497",0,1,1,58,12,1
"1498",0,0,1,21,13,0
"1499",0,0,0,21,11,0
"1500",0,0,1,43,17,0
"1501",0,1,0,41,4,1
"1502",0,1,0,44,1,1
"1503",0,1,0,22,12,0
"1504",0,0,1,30,12,1
"1505",0,0,0,18,11,0
"1506",0,0,1,73,8,0
"1507",1,0,1,38,12,0
"1508",0,0,0,87,12,0
"1509",0,0,1,39,13,0
"1510",0,1,1,74,12,0
"1511",0,0,1,31,14,0
"1512",0,0,0,37,15,0
"1513",0,1,1,31,14,0
"1514",0,0,0,32,19,0
"1515",0,0,0,50,18,0
"1516",0,0,1,20,11,0
"1517",0,0,1,88,16,0
"1518",0,1,1,24,14,0
"1519",0,0,1,56,14,1
"1520",0,0,0,56,18,0
"1521",0,0,1,49,16,0
"1522",0,0,0,48,14,0
"1523",0,0,0,59,12,0
"1524",0,0,1,65,14,0
"1525",0,0,1,79,14,0
"1526",0,0,0,49,12,0
"1527",0,0,1,36,12,0
"1528",0,0,0,55,20,0
"1529",0,0,0,59,12,0
"1530",0,0,1,52,18,0
"1531",0,1,1,74,20,0
"1532",0,1,0,33,16,0
"1533",0,0,0,44,16,0
"1534",0,0,1,48,16,0
"1535",0,0,1,32,14,0
"1536",0,0,1,39,20,0
"1537",0,0,1,39,16,0
"1538",0,0,1,54,19,0
"1539",0,1,1,71,17,0
"1540",0,0,1,35,13,0
"1541",0,0,0,38,12,0
"1542",0,0,1,52,13,0
"1543",0,0,1,73,12,0
"1544",0,0,1,75,13,0
"1545",0,1,1,89,12,0
"1546",1,0,0,46,13,0
"1547",0,0,1,37,13,0
"1548",0,0,1,55,8,0
"1549",0,0,0,73,12,0
"1550",0,0,0,41,12,0
"1551",0,0,1,51,12,0
"1552",0,0,0,58,12,0
"1553",0,0,1,32,14,0
"1554",0,0,1,43,14,0
"1555",1,0,1,28,8,0
"1556",0,0,1,46,11,0
"1557",0,0,1,49,4,1
"1558",0,0,1,75,12,0
"1559",0,0,1,52,10,0
"1560",1,0,0,21,14,0
"1561",0,1,0,32,17,1
"1562",0,0,1,36,14,0
"1563",0,1,1,54,14,0
"1564",0,0,1,70,13,0
"1565",0,0,1,35,12,0
"1566",0,1,0,70,15,0
"1567",1,0,1,32,13,0
"1568",1,0,0,78,12,0
"1569",0,0,0,59,12,0
"1570",0,0,0,27,11,0
"1571",0,0,1,23,12,0
"1572",0,0,0,51,12,0
"1573",0,0,0,38,14,0
"1574",0,0,0,39,16,1
"1575",0,0,1,25,12,0
"1576",0,0,0,33,12,1
"1577",0,0,0,30,16,0
"1578",1,0,0,30,12,0
"1579",1,0,0,36,16,0
"1580",0,0,0,35,12,1
"1581",0,0,1,23,12,0
"1582",0,0,0,27,17,0
"1583",0,0,1,31,16,0
"1584",0,0,1,41,16,0
"1585",0,0,0,71,12,0
"1586",0,1,1,80,9,1
"1587",0,0,1,33,14,0
"1588",0,0,0,37,13,0
"1589",0,0,0,44,16,0
"1590",0,0,1,33,16,0
"1591",0,0,1,45,12,1
"1592",0,0,1,25,12,0
"1593",0,1,1,26,17,0
"1594",0,1,1,36,14,0
"1595",0,0,1,49,13,0
"1596",0,0,1,52,4,1
"1597",0,0,1,24,13,0
"1598",0,0,0,61,12,0
"1599",0,0,1,32,13,0
"1600",0,0,0,42,12,0
"1601",0,0,1,59,12,0
"1602",0,0,1,70,12,0
"1603",0,0,0,48,12,0
"1604",0,0,1,21,11,0
"1605",0,0,1,26,12,0
"1606",0,0,1,74,12,0
"1607",0,0,0,68,12,0
"1608",0,0,1,69,16,0
"1609",0,0,1,59,12,0
"1610",0,0,0,56,12,0
"1611",0,0,0,60,17,0
"1612",0,0,1,54,12,0
"1613",0,0,1,34,12,0
"1614",0,0,1,35,12,0
"1615",0,0,1,61,16,0
"1616",0,0,0,79,19,0
"1617",0,0,1,78,12,0
"1618",0,1,1,33,14,0
"1619",0,0,0,39,12,0
"1620",1,0,0,36,14,0
"1621",0,0,1,32,15,0
"1622",0,1,1,74,12,0
"1623",0,0,1,61,11,0
"1624",1,0,0,29,18,0
"1625",0,0,0,32,17,0
"1626",1,0,1,32,11,0
"1627",1,0,1,29,12,0
"1628",0,0,1,46,20,0
"1629",0,0,1,28,13,0
"1630",0,0,0,47,17,0
"1631",0,0,0,26,13,0
"1632",0,0,1,79,12,0
"1633",0,1,1,39,16,0
"1634",0,0,1,79,12,0
"1635",0,1,1,57,15,0
"1636",0,0,0,49,12,0
"1637",0,0,1,82,16,0
"1638",0,0,0,55,12,0
"1639",1,0,0,51,12,0
"1640",0,0,0,73,12,0
"1641",0,0,1,60,20,0
"1642",0,0,0,62,14,0
"1643",0,0,1,65,14,0
"1644",0,0,1,44,10,0
"1645",0,0,1,20,11,0
"1646",0,0,1,62,11,0
"1647",0,0,0,55,17,0
"1648",0,0,0,71,18,0
"1649",0,0,0,71,12,0
"1650",0,0,1,33,16,0
"1651",0,0,1,56,10,0
"1652",0,0,1,44,14,0
"1653",0,0,1,51,14,0
"1654",0,0,0,54,12,0
"1655",0,0,1,56,14,0
"1656",0,0,0,89,12,0
"1657",0,0,1,44,12,0
"1658",0,0,0,26,12,0
"1659",0,0,1,25,16,0
"1660",0,0,1,47,13,0
"1661",0,0,1,74,4,0
"1662",0,0,1,28,19,0
"1663",0,0,1,54,10,0
"1664",0,1,1,66,16,0
"1665",0,0,0,66,6,0
"1666",0,0,1,31,12,0
"1667",1,0,0,44,11,0
"1668",0,0,0,45,12,0
"1669",0,0,0,51,12,0
"1670",0,0,0,61,12,0
"1671",1,0,0,23,13,0
"1672",0,0,0,33,14,0
"1673",1,0,0,28,15,0
"1674",0,0,1,55,12,0
"1675",0,0,0,56,12,0
"1676",1,1,0,29,6,1
"1677",0,0,1,19,12,0
"1678",0,0,1,61,12,0
"1679",0,0,1,25,8,1
"1680",0,0,0,56,16,1
"1681",0,0,1,52,13,0
"1682",0,0,1,39,12,0
"1683",0,0,1,24,14,0
"1684",0,0,1,43,11,0
"1685",1,0,0,23,12,0
"1686",1,0,1,39,11,0
"1687",0,0,1,21,11,0
"1688",0,0,1,23,12,0
"1689",0,0,1,41,12,0
"1690",0,0,1,48,12,0
"1691",0,0,1,41,16,0
"1692",0,0,0,61,11,0
"1693",0,0,1,56,12,0
"1694",0,0,1,34,14,0
"1695",0,1,0,47,12,0
"1696",0,0,1,44,11,0
"1697",0,0,0,30,13,0
"1698",0,0,0,73,11,0
"1699",0,0,1,70,17,0
"1700",0,0,0,33,12,0
"1701",0,0,1,21,14,0
"1702",0,0,0,65,16,0
"1703",0,0,0,34,17,0
"1704",0,0,1,73,10,0
"1705",0,0,1,32,16,0
"1706",0,1,1,44,15,0
"1707",0,0,0,66,14,0
"1708",0,0,1,30,12,0
"1709",0,0,1,31,12,0
"1710",0,0,0,21,11,0
"1711",0,0,0,50,12,0
"1712",0,0,1,49,12,0
"1713",0,0,0,71,11,0
"1714",0,0,0,53,12,0
"1715",0,1,1,58,16,0
"1716",1,0,0,40,20,0
"1717",0,0,1,45,16,0
"1718",0,0,1,62,14,0
"1719",0,1,1,28,16,0
"1720",0,0,0,74,14,0
"1721",0,1,0,60,12,0
"1722",0,0,0,42,16,0
"1723",0,0,1,36,20,0
"1724",0,0,1,50,19,0
"1725",0,0,0,63,16,0
"1726",0,0,1,20,14,0
"1727",0,1,0,71,12,0
"1728",1,0,0,50,14,1
"1729",0,0,1,23,14,0
"1730",0,0,1,65,19,0
"1731",1,0,0,60,8,0
"1732",0,0,0,78,9,0
"1733",0,1,1,25,11,0
"1734",0,0,1,61,16,0
"1735",0,1,1,53,13,0
"1736",0,1,0,48,13,0
"1737",0,1,1,37,12,0
"1738",0,0,0,22,12,0
